nodeIdOrg,nodeIdDest,distance,highway,oneway,bridge,width
0,1,35.934113,secondary,,,
1,2,25.754376,secondary,,,
2,3,32.354312,secondary,,,
3,4,25.363519,secondary,,,
4,5,22.582122,secondary,,,
5,6,33.181725,secondary,,,
6,7,91.935104,secondary,,,
7,8,8.609170,secondary,,,
9,0,46.377009,secondary,,,
10,11,3.088074,unclassified,yes,,
11,12,18.590169,unclassified,yes,,
12,13,19.802077,unclassified,yes,,
13,14,9.298467,unclassified,yes,,
14,15,32.547966,unclassified,yes,,
15,16,16.806347,unclassified,yes,,
16,17,10.091774,unclassified,yes,,
18,19,7.709188,tertiary,,,
19,20,2.455392,tertiary,,,
20,21,2.538694,tertiary,,,
21,22,2.151925,tertiary,,,
22,23,2.050359,tertiary,,,
23,24,13.557899,tertiary,,,
24,25,7.724293,tertiary,,,
25,26,3.813363,tertiary,,,
26,27,1.192324,tertiary,,,
28,29,16.559224,residential,yes,,
29,30,37.505482,residential,yes,,
30,31,22.213705,residential,yes,,
31,32,7.744039,residential,yes,,
32,33,3.717944,residential,yes,,
33,34,5.637841,residential,yes,,
34,35,18.346559,residential,yes,,
35,36,23.705250,residential,yes,,
36,37,13.146653,residential,yes,,
37,38,41.778331,residential,yes,,
38,39,23.159732,residential,yes,,
39,40,27.353539,residential,yes,,
40,41,14.398540,residential,yes,,
41,6,7.353096,residential,yes,,
4,42,39.175089,unclassified,,,
42,43,37.882919,unclassified,,,
43,44,23.501962,residential,,,
44,45,28.458125,residential,,,
45,46,105.257451,residential,,,
46,47,5.358530,residential,,,
47,48,5.747747,residential,,,
48,49,50.408422,residential,,,
49,50,37.075324,residential,,,
50,8,7.815990,residential,,,
49,51,68.139837,residential,,,
44,52,35.698320,residential,,,
53,54,24.861463,residential,yes,,
54,55,4.821995,residential,yes,,
55,56,5.267029,residential,yes,,
56,57,12.915796,residential,yes,,
57,58,54.394231,residential,yes,,
58,59,57.319413,residential,,,
59,60,39.816829,residential,,,
60,61,43.489252,residential,,,
62,63,51.500175,unclassified,,,
63,64,38.360736,unclassified,,,
64,65,36.910676,unclassified,,,
66,67,11.866225,unclassified,,,
67,68,31.917631,unclassified,,,
68,69,30.225546,unclassified,,,
8,70,4.878531,secondary,,,
70,71,18.500759,secondary,,,
71,72,18.748973,secondary,,,
72,73,5.351540,secondary,,,
73,74,39.410077,secondary,,,
74,75,13.290345,secondary,,,
75,76,47.985097,secondary,,,
76,77,35.076675,secondary,,,
67,78,74.684057,unclassified,,,
68,79,59.196261,unclassified,,,
80,81,12.752661,residential,,,
81,69,14.004388,residential,,,
69,82,17.901342,residential,,,
82,83,28.210731,residential,,,
82,84,97.323670,residential,,,
85,86,1.170439,unclassified,,,
86,87,61.068997,unclassified,,,
87,88,45.710432,unclassified,,,
89,90,19.010751,residential,,,
90,91,12.674315,residential,,,
91,92,27.333658,residential,,,
92,93,60.385862,residential,,,
93,94,25.374809,residential,,,
94,95,29.976589,residential,,,
95,96,8.261361,residential,,,
97,95,57.114804,residential,,,
94,91,59.642076,residential,,,
98,99,59.635960,residential,,,
99,100,48.512855,residential,,,
101,102,34.194708,residential,,,
102,103,19.434120,residential,,,
103,65,29.452794,residential,,,
65,77,55.918229,residential,,,
104,105,8.455723,residential,yes,,
105,106,13.184264,residential,yes,,
106,107,44.197411,residential,yes,,
107,108,29.585884,residential,yes,,
105,29,62.474231,residential,,,
106,109,11.850801,residential,,,
109,110,12.756865,residential,,,
110,111,33.750699,residential,,,
111,112,3.186595,residential,,,
112,113,16.603297,residential,,,
114,115,40.953268,footway,,,
115,116,10.579822,footway,,,
110,117,18.199321,residential,,,
117,118,7.591689,residential,,,
118,119,16.681725,residential,,,
38,120,7.486317,steps,,,
121,122,7.124591,residential,,,
122,123,21.940548,residential,,,
123,124,18.045298,residential,,,
124,125,24.746117,residential,,,
125,126,3.192449,residential,,,
33,127,48.377873,residential,,,
126,128,1.764956,residential,,,
128,30,46.686884,residential,,,
129,130,8.444960,residential,,,
130,131,11.505190,residential,,,
131,132,17.471166,residential,,,
131,133,13.755246,residential,,,
133,134,45.492321,residential,,,
135,136,38.881600,residential,,,
137,122,27.817064,residential,,,
138,139,80.864372,tertiary,,,
139,140,84.004150,tertiary,,,
140,141,2.202581,tertiary,,,
141,142,14.647139,tertiary,,,
142,143,23.501139,tertiary,,,
143,144,32.274979,tertiary,,,
144,145,4.672112,tertiary,,,
145,146,28.099006,tertiary,,,
146,147,7.628362,tertiary,,,
147,148,30.616930,tertiary,,,
148,149,64.814271,tertiary,,,
150,151,23.991190,unclassified,,,
151,152,74.304485,unclassified,,,
152,153,51.008848,unclassified,,,
9,154,11.212489,secondary,yes,,
154,155,35.048392,secondary,yes,,
155,156,6.310705,secondary,yes,,
157,158,60.131862,residential,,,
158,159,69.682164,residential,,,
159,160,44.341637,residential,,,
161,162,105.102604,unclassified,,,
162,163,119.004210,unclassified,,,
163,164,10.395345,unclassified,,,
165,166,44.649688,residential,,,
166,167,31.977896,residential,,,
167,168,34.587070,residential,,,
168,169,25.255322,residential,,,
169,170,26.998634,residential,,,
170,171,27.590411,residential,,,
172,173,10.317309,residential,,,
173,174,41.721076,residential,,,
174,175,32.991512,residential,,,
175,176,29.978524,residential,,,
176,177,62.758094,residential,,,
178,179,7.007959,unclassified,,,
179,180,41.214197,unclassified,,,
180,181,12.254252,unclassified,,,
181,182,9.335394,unclassified,,,
183,184,7.492277,tertiary,,,
184,185,42.294425,tertiary,,,
186,185,119.247732,residential,,,
185,165,55.687765,residential,,,
165,180,60.864713,residential,,,
187,188,6.030753,unclassified,,,
188,189,64.880558,unclassified,,,
189,190,40.904872,unclassified,,,
191,192,48.057057,residential,,,
192,193,9.246855,residential,,,
193,194,46.770571,residential,,,
194,195,17.326757,residential,,,
195,196,16.659606,residential,,,
196,197,56.957895,residential,,,
197,198,33.190478,residential,,,
198,199,31.206021,residential,,,
199,200,46.464538,residential,,,
200,201,2.238067,residential,,,
201,202,43.216072,residential,,,
202,203,7.832955,residential,,,
203,204,23.517082,residential,,,
204,205,25.428799,residential,,,
205,206,7.430217,residential,,,
206,207,8.882269,residential,,,
207,208,21.639205,residential,,,
208,190,34.776729,residential,,,
209,210,16.345654,unclassified,,,
210,192,45.052128,unclassified,,,
211,212,54.241850,residential,,,
212,213,29.112295,residential,,,
213,214,14.339341,residential,,,
214,215,38.935501,residential,,,
215,216,5.392767,residential,,,
216,217,77.023402,residential,,,
217,171,63.129480,residential,,,
171,218,50.858515,residential,,,
53,219,70.200724,tertiary,,,
219,220,12.752015,tertiary,,,
220,221,65.383435,tertiary,,,
221,222,48.634258,tertiary,,,
222,223,40.230790,tertiary,,,
223,224,25.555204,tertiary,,,
224,225,30.957880,tertiary,,,
225,226,43.633876,tertiary,,,
226,227,38.374037,tertiary,,,
227,228,6.649234,tertiary,,,
228,229,6.092407,tertiary,,,
229,230,2.985218,tertiary,,,
230,231,2.195224,tertiary,,,
231,232,2.438680,tertiary,,,
232,233,2.545061,tertiary,,,
233,234,30.375413,tertiary,,,
234,187,6.191677,tertiary,,,
235,236,38.726988,tertiary,,,
236,237,29.334841,tertiary,,,
237,238,8.755811,tertiary,,,
238,239,8.289005,tertiary,,,
239,240,8.832070,tertiary,,,
240,241,8.884683,tertiary,,,
241,242,40.358029,tertiary,,,
242,243,5.851627,tertiary,,,
243,244,6.704288,tertiary,,,
244,187,75.514925,tertiary,,,
187,245,6.814858,tertiary,,,
245,246,8.498671,tertiary,,,
246,247,9.640322,tertiary,,,
247,248,10.441091,tertiary,,,
248,249,9.943123,tertiary,,,
249,250,10.096189,tertiary,,,
250,251,19.609022,tertiary,,,
251,252,62.190495,tertiary,,,
252,253,30.975306,tertiary,,,
253,254,13.711628,tertiary,,,
254,255,13.551844,tertiary,,,
255,256,14.083996,tertiary,,,
256,257,13.931880,tertiary,,,
257,258,20.751018,tertiary,,,
258,74,138.988955,tertiary,,,
259,260,12.589239,tertiary,,,
260,261,13.081564,tertiary,,,
261,215,29.415100,tertiary,,,
215,262,25.818622,tertiary,,,
262,263,9.364446,tertiary,,,
263,264,6.563906,tertiary,,,
264,265,6.145968,tertiary,,,
265,266,6.286998,tertiary,,,
266,267,6.337821,tertiary,,,
267,268,13.240957,tertiary,,,
268,269,9.935116,tertiary,,,
269,270,28.185565,tertiary,,,
270,271,23.508270,tertiary,,,
271,272,52.704545,tertiary,,,
272,273,52.227241,tertiary,,,
273,274,46.740016,tertiary,,,
274,275,13.691108,tertiary,,,
276,277,8.735352,tertiary,yes,,
278,279,34.974633,unclassified,,,
279,280,28.520199,unclassified,,,
280,281,11.557816,unclassified,,,
281,282,14.169238,unclassified,,,
283,284,19.090776,unclassified,,,
285,286,21.583956,residential,,,
287,288,7.754318,unclassified,,,
288,289,27.824204,unclassified,,,
290,286,37.691749,residential,,,
286,291,5.231851,residential,,,
291,292,62.218778,residential,,,
292,293,36.776616,residential,,,
291,294,60.051926,residential,,,
295,164,43.318828,unclassified,yes,,
164,296,4.287588,unclassified,yes,,
296,293,55.247102,unclassified,yes,,
293,297,29.714776,unclassified,yes,,
297,298,22.304409,unclassified,yes,,
298,299,9.132097,unclassified,yes,,
299,300,39.288986,unclassified,yes,,
300,301,22.689103,unclassified,yes,,
301,278,18.794721,unclassified,yes,,
302,303,49.785069,unclassified,,,
304,305,19.584616,unclassified,,,
305,306,17.936824,unclassified,,,
306,307,9.051530,unclassified,,,
307,308,21.905247,unclassified,,,
308,309,21.848462,unclassified,,,
309,310,28.502892,unclassified,,,
310,311,29.511791,unclassified,,,
311,290,32.959043,unclassified,,,
290,312,39.929741,unclassified,,,
312,313,1.130383,unclassified,,,
314,315,47.333701,residential,,,
316,317,42.213866,residential,,,
318,319,4.055792,residential,,,
319,320,32.684658,residential,,,
321,322,16.898087,residential,,,
323,324,50.748621,unclassified,,,
324,325,52.222775,unclassified,,,
325,326,4.670296,unclassified,,,
326,327,36.983932,unclassified,,,
328,329,40.537859,residential,,,
182,330,12.422259,unclassified,,,
330,331,42.433777,unclassified,,,
331,324,43.927741,unclassified,,,
324,272,41.565986,unclassified,,,
332,333,30.810000,unclassified,,,
333,334,41.543363,unclassified,,,
334,323,29.431602,unclassified,,,
323,271,44.312158,unclassified,,,
334,331,47.151388,residential,,,
335,336,44.235744,tertiary,,,
336,337,26.201775,tertiary,,,
337,338,7.638241,tertiary,,,
339,340,19.482886,residential,,,
340,341,73.936134,residential,,,
341,270,7.914014,residential,,,
214,342,29.405692,residential,,,
343,344,10.069401,unclassified,,,
344,345,11.345757,unclassified,,,
345,346,39.894228,unclassified,,,
346,335,2.578420,unclassified,,,
273,325,41.376483,unclassified,,,
325,328,78.999860,unclassified,,,
328,180,34.737150,unclassified,,,
333,347,64.066662,unclassified,,,
347,348,47.899181,unclassified,,,
349,166,51.944471,residential,,,
166,332,43.612287,residential,,,
350,351,11.001697,tertiary,,,
351,352,8.979412,tertiary,,,
352,353,36.889003,tertiary,,,
353,354,7.759760,tertiary,,,
354,355,56.186812,tertiary,,,
355,356,6.336393,tertiary,,,
356,357,43.369769,tertiary,,,
357,358,8.404705,tertiary,,,
358,359,19.256778,tertiary,,,
359,360,34.934751,tertiary,,,
360,361,7.242930,tertiary,,,
362,347,43.571173,unclassified,,,
347,363,33.747215,unclassified,,,
363,364,45.398467,unclassified,,,
365,366,5.908319,residential,,,
366,367,26.506693,residential,,,
367,368,15.229240,residential,,,
368,369,28.720214,residential,,,
369,370,54.490708,residential,,,
370,371,19.882794,residential,,,
371,372,26.058131,residential,,,
372,373,12.611162,residential,,,
373,374,32.289753,residential,,,
374,375,10.288135,residential,,,
375,376,24.202069,residential,,,
376,377,27.074426,residential,,,
377,378,48.662832,residential,,,
378,379,23.078602,residential,,,
379,380,35.980386,residential,,,
380,381,37.885300,residential,,,
381,382,8.367427,residential,,,
383,384,8.544637,unclassified,,,
384,385,39.207209,unclassified,,,
385,386,38.448142,unclassified,,,
386,387,40.196867,unclassified,,,
387,388,42.175964,unclassified,,,
388,186,57.434266,unclassified,,,
389,390,7.260923,unclassified,,,
390,186,43.774433,unclassified,,,
186,391,24.988459,unclassified,,,
391,361,14.695342,unclassified,,,
361,365,7.477685,unclassified,,,
365,392,7.362370,unclassified,,,
392,393,53.450475,unclassified,,,
393,394,31.086865,unclassified,,,
394,168,53.171120,unclassified,,,
168,395,32.500548,unclassified,,,
396,354,37.933746,unclassified,,,
397,398,42.788108,unclassified,,,
398,399,46.668701,unclassified,,,
399,400,7.322312,unclassified,,,
387,401,27.028824,unclassified,,,
401,402,9.754469,unclassified,,,
402,356,6.589608,unclassified,,,
356,403,6.570261,unclassified,,,
403,404,30.534131,unclassified,,,
404,405,32.055123,unclassified,,,
405,397,36.573135,unclassified,,,
397,371,28.991028,unclassified,,,
406,405,61.132772,unclassified,,,
405,369,75.611192,unclassified,,,
407,408,35.645910,unclassified,,,
408,409,34.913232,unclassified,,,
409,410,40.582446,unclassified,,,
167,411,52.948812,residential,,,
412,367,58.812066,unclassified,,,
367,413,35.551419,unclassified,,,
413,414,28.544318,unclassified,,,
414,404,39.856244,unclassified,,,
404,396,62.035687,unclassified,,,
396,406,31.010644,unclassified,,,
406,415,34.840340,unclassified,,,
415,416,6.946060,unclassified,,,
369,417,71.530613,unclassified,,,
417,418,37.936920,unclassified,,,
418,170,50.766679,unclassified,,,
170,419,60.663490,unclassified,,,
370,420,93.895928,unclassified,,,
420,218,42.537215,unclassified,,,
393,412,30.540042,unclassified,,,
412,417,31.029345,unclassified,,,
417,420,34.488942,unclassified,,,
420,421,48.924159,unclassified,,,
421,422,12.438984,unclassified,,,
14,423,112.206069,residential,,,
12,424,112.579349,residential,,,
424,425,49.782325,residential,,,
425,176,46.296339,residential,,,
176,426,37.616278,residential,,,
426,377,11.541853,residential,,,
377,427,6.857954,residential,,,
427,428,8.309359,residential,,,
428,429,15.066509,residential,,,
429,430,29.435950,residential,,,
430,431,8.244684,residential,,,
432,433,112.075162,residential,,,
434,435,10.452256,tertiary,yes,,
435,436,24.153946,tertiary,yes,,
436,437,28.633606,tertiary,yes,,
437,438,44.863689,tertiary,yes,,
438,410,82.082650,tertiary,yes,,
410,439,66.834539,tertiary,yes,,
439,440,13.430820,tertiary,yes,,
440,441,12.362589,tertiary,yes,,
441,442,13.337946,tertiary,yes,,
442,443,44.243995,tertiary,yes,,
443,372,47.837224,tertiary,yes,,
372,172,53.140195,tertiary,yes,,
172,421,38.751072,tertiary,yes,,
421,444,47.956199,tertiary,yes,,
444,445,117.003761,tertiary,yes,,
445,446,38.496299,tertiary,yes,,
446,260,19.974543,tertiary,yes,,
260,447,44.766176,tertiary,yes,,
447,342,11.579958,tertiary,yes,,
342,448,11.969682,tertiary,yes,,
448,449,57.267883,tertiary,yes,,
450,10,112.299122,residential,,,
11,451,32.605239,unclassified,,,
452,15,51.199728,unclassified,,,
15,453,111.887259,unclassified,,,
453,454,50.256243,unclassified,,,
454,455,30.933097,unclassified,,,
455,177,19.038783,unclassified,,,
177,456,14.307345,unclassified,,,
456,379,19.554928,unclassified,,,
379,457,22.694383,unclassified,,,
457,458,24.171406,unclassified,,,
458,459,9.206929,unclassified,,,
380,460,49.257480,unclassified,,,
461,462,9.011050,unclassified,,,
462,463,31.482879,unclassified,,,
463,464,6.910308,unclassified,,,
464,465,31.542077,unclassified,,,
465,466,30.042464,unclassified,,,
466,467,66.461866,unclassified,,,
467,468,36.608472,unclassified,,,
468,469,27.333125,unclassified,,,
469,470,25.511966,unclassified,,,
470,471,12.107221,unclassified,,,
455,472,77.996643,unclassified,,,
473,474,33.795573,unclassified,,,
474,475,63.839482,unclassified,,,
475,476,19.942914,unclassified,,,
476,477,50.905779,unclassified,,,
477,478,28.986651,unclassified,,,
478,479,37.992489,unclassified,,,
479,480,44.048998,unclassified,,,
480,481,8.800216,unclassified,,,
482,483,26.296441,residential,,,
484,485,35.953103,residential,,,
485,486,13.946455,residential,,,
486,487,10.811113,residential,,,
487,482,2.068245,residential,,,
482,488,11.076978,residential,,,
489,490,24.774648,residential,,,
490,491,38.199088,residential,,,
492,493,21.375017,residential,,,
493,494,20.952870,residential,,,
494,495,13.220148,residential,,,
495,496,16.478008,residential,,,
496,497,24.289468,residential,,,
497,498,5.387588,residential,,,
498,499,24.876816,residential,,,
499,500,14.032130,residential,,,
500,501,28.105243,residential,,,
502,489,20.119826,residential,,,
489,503,39.326704,residential,,,
504,505,34.859848,residential,,,
505,506,14.088976,residential,,,
506,507,43.138886,residential,,,
507,508,9.207097,residential,,,
508,501,13.228600,residential,,,
501,509,17.125063,residential,,,
509,510,8.907474,residential,,,
510,511,16.966034,residential,,,
495,512,40.036065,residential,,,
512,513,16.096635,residential,,,
512,24,30.459801,residential,,,
514,515,23.449578,unclassified,,,
515,516,24.908500,unclassified,,,
516,517,44.064172,unclassified,,,
518,474,13.864554,unclassified,,,
519,520,37.764475,unclassified,,,
520,521,6.768166,unclassified,,,
521,522,21.337732,unclassified,,,
522,523,17.399232,unclassified,,,
523,524,16.435482,unclassified,,,
524,525,19.726944,unclassified,,,
525,526,24.748816,unclassified,,,
526,527,21.828771,unclassified,,,
527,528,28.658727,unclassified,,,
528,514,7.300600,unclassified,,,
514,529,21.623820,unclassified,,,
529,530,9.984830,unclassified,,,
531,375,43.658053,unclassified,,,
515,532,31.072044,residential,,,
175,376,50.102927,residential,,,
523,533,71.487335,unclassified,,,
533,534,14.778654,unclassified,,,
534,535,36.984828,unclassified,,,
535,536,32.035266,unclassified,,,
457,429,67.637913,unclassified,,,
429,531,48.140191,unclassified,,,
531,537,32.881721,unclassified,,,
537,538,8.279068,unclassified,,,
539,540,44.462781,unclassified,,,
540,541,65.727083,unclassified,,,
542,516,30.312694,unclassified,,,
516,543,58.574827,unclassified,,,
543,521,49.039699,unclassified,,,
467,540,36.132776,unclassified,,,
540,544,30.323846,unclassified,,,
544,545,49.209119,unclassified,,,
545,438,10.440830,unclassified,,,
438,546,49.515593,unclassified,,,
546,536,9.011071,unclassified,,,
547,548,38.831663,unclassified,,,
548,549,25.171302,unclassified,,,
550,551,15.514393,residential,,,
551,552,13.529557,residential,,,
552,553,16.063462,residential,,,
553,554,29.461703,residential,,,
554,555,13.083560,residential,,,
555,556,14.005171,residential,,,
556,557,5.519731,residential,,,
557,528,46.583920,residential,,,
526,543,57.196556,residential,,,
543,558,43.710635,residential,,,
546,559,15.811348,unclassified,,,
559,560,17.418166,unclassified,,,
560,561,30.335266,unclassified,,,
561,562,12.115166,unclassified,,,
562,563,4.563125,unclassified,,,
563,564,13.348075,unclassified,,,
564,550,12.868768,unclassified,,,
550,565,5.548309,unclassified,,,
520,548,58.999094,residential,,,
566,567,6.296311,residential,,,
529,568,35.910586,residential,,,
568,567,4.452953,residential,,,
567,569,24.953411,residential,,,
522,549,58.641706,unclassified,,,
570,571,97.588650,unclassified,,,
572,475,72.074784,unclassified,,,
475,573,37.594899,unclassified,,,
573,574,13.371852,unclassified,,,
574,468,34.565157,unclassified,,,
468,539,34.581656,unclassified,,,
539,575,19.217163,unclassified,,,
575,576,48.651774,unclassified,,,
577,578,8.258150,unclassified,-1,,
578,579,4.726659,unclassified,-1,,
579,580,6.817716,unclassified,-1,,
580,581,5.770863,unclassified,-1,,
581,582,6.215577,unclassified,-1,,
582,583,6.007225,unclassified,-1,,
583,584,1.077467,unclassified,-1,,
584,585,74.973933,unclassified,-1,,
585,586,21.106716,unclassified,-1,,
586,587,7.528384,unclassified,-1,,
587,588,19.318298,unclassified,-1,,
588,589,5.016447,unclassified,-1,,
589,590,33.702075,unclassified,-1,,
590,477,11.878282,unclassified,-1,,
591,544,76.758290,unclassified,,,
544,575,43.202524,unclassified,,,
575,592,52.914724,unclassified,,,
592,593,12.346361,unclassified,,,
374,174,51.669436,residential,,,
594,595,49.372124,unclassified,,,
595,574,41.102681,unclassified,,,
574,596,32.342987,unclassified,,,
596,597,38.095633,unclassified,,,
598,599,37.759639,unclassified,,,
599,600,47.505431,unclassified,,,
600,601,41.856436,unclassified,,,
601,602,6.608866,unclassified,,,
603,401,73.885653,residential,,,
414,604,20.554958,residential,,,
604,357,16.170945,residential,,,
387,598,20.115976,unclassified,,,
598,605,30.456779,unclassified,,,
605,606,8.810555,unclassified,,,
600,385,41.033586,residential,,,
385,603,26.829341,residential,,,
603,353,14.599793,residential,,,
607,599,37.918017,residential,,,
599,386,31.206527,residential,,,
358,388,40.127870,residential,,,
388,608,45.019855,residential,,,
158,609,20.535247,residential,,,
609,610,31.371253,residential,,,
610,611,16.138332,residential,,,
611,612,12.870930,residential,,,
612,613,20.778896,residential,,,
613,614,26.169672,residential,,,
57,615,30.786952,unclassified,,,
615,616,9.913100,unclassified,,,
93,617,24.227295,residential,,,
617,618,35.316461,residential,,,
619,620,41.686518,unclassified,,,
620,621,33.332233,unclassified,,,
621,622,10.903973,unclassified,,,
622,623,17.195735,unclassified,,,
623,624,25.112112,unclassified,,,
624,625,27.068732,unclassified,,,
625,626,20.329037,unclassified,,,
626,627,43.723787,unclassified,,,
627,628,34.884314,unclassified,,,
629,630,8.970645,residential,,,
630,631,7.951005,residential,,,
631,632,6.686267,residential,,,
632,633,41.637607,residential,,,
633,634,14.632175,residential,,,
634,635,126.634026,residential,,,
635,636,44.752541,residential,,,
637,638,33.714280,residential,,,
638,639,33.247798,residential,,,
640,641,30.682663,residential,,,
641,642,30.733354,residential,,,
642,193,36.951864,residential,,,
643,638,3.670972,residential,,,
638,641,68.012949,residential,,,
641,644,43.802335,residential,,,
644,645,17.537864,residential,,,
646,647,30.048076,residential,,,
647,648,14.753923,residential,,,
648,649,16.529945,residential,,,
649,650,30.817224,residential,,,
650,197,24.435801,residential,,,
651,652,70.497074,residential,,,
653,652,7.471065,residential,,,
652,654,18.696489,residential,,,
654,650,55.412933,residential,,,
650,655,29.907603,residential,,,
656,646,68.483184,residential,,,
646,657,70.901243,residential,,,
657,651,7.313056,residential,,,
651,658,7.962792,residential,,,
658,640,64.405801,residential,,,
640,637,70.012861,residential,,,
637,659,6.880797,residential,,,
659,660,67.428839,residential,,,
660,639,0.521907,residential,,,
639,661,9.215258,residential,,,
658,645,33.532008,residential,,,
645,653,35.235511,residential,,,
653,662,14.232576,residential,,,
662,663,6.463013,residential,,,
663,642,37.812967,residential,,,
642,664,29.351018,residential,,,
664,665,32.422423,residential,,,
665,639,3.415849,residential,,,
662,194,32.279775,residential,,,
666,667,53.760790,residential,yes,,
667,668,1.297173,residential,yes,,
668,669,2.684325,residential,yes,,
669,670,29.827793,residential,yes,,
670,671,16.939089,residential,yes,,
671,672,2.416454,residential,yes,,
672,673,29.082527,residential,yes,,
673,674,25.391504,residential,yes,,
674,675,17.308729,residential,yes,,
675,676,7.170781,residential,yes,,
677,678,45.618410,residential,,,
678,679,25.955161,residential,,,
674,680,38.780577,residential,,,
680,681,30.020653,residential,,,
681,682,49.027989,residential,,,
682,143,15.806732,residential,,,
683,684,71.741577,residential,,,
684,685,46.097097,residential,,,
685,686,25.886749,residential,,,
686,687,46.761430,residential,,,
687,688,70.816957,residential,,,
689,690,22.587074,residential,,,
690,691,30.200962,residential,,,
691,692,61.723691,residential,,,
692,693,21.118050,residential,,,
693,694,25.911175,residential,,,
694,695,13.705672,residential,,,
695,696,46.739647,residential,,,
697,692,50.724347,residential,,,
698,699,43.950482,residential,,,
699,700,36.834099,residential,,,
700,697,16.196303,residential,,,
697,701,35.382025,residential,,,
701,689,32.434896,residential,,,
689,678,30.673497,residential,,,
702,703,80.775681,unclassified,,,
703,704,5.714880,unclassified,,,
704,705,59.394976,unclassified,,,
705,706,28.133692,unclassified,,,
706,707,14.949832,unclassified,,,
708,709,38.545716,residential,,,
709,710,55.595092,residential,,,
710,711,53.193787,residential,,,
711,712,54.314556,residential,,,
712,713,30.405303,residential,,,
713,679,62.188803,residential,,,
714,715,40.150789,unclassified,,,
715,716,47.866741,unclassified,,,
716,717,17.578919,unclassified,,,
717,718,24.417231,unclassified,,,
718,719,15.230642,unclassified,,,
719,720,16.130170,unclassified,,,
720,222,46.428408,unclassified,,,
711,677,71.640645,residential,,,
699,695,51.096711,residential,,,
721,722,10.954219,residential,,,
722,723,17.272445,residential,,,
723,724,32.725273,residential,,,
724,725,19.205836,residential,,,
725,726,43.235766,residential,,,
726,727,36.481213,residential,,,
727,728,5.196407,residential,,,
728,729,25.949355,residential,,,
724,730,5.336688,residential,,,
730,731,54.187002,residential,,,
731,732,9.560741,residential,,,
732,733,35.477552,residential,,,
733,734,35.697697,residential,,,
734,735,9.747128,residential,,,
735,736,18.141368,residential,,,
736,737,59.603591,residential,,,
737,738,4.499593,residential,,,
739,740,26.388478,residential,,,
306,741,19.253519,residential,,,
741,742,38.229783,residential,,,
743,744,29.751997,residential,,,
745,746,36.900442,residential,,,
747,748,32.206103,residential,,,
748,749,12.961996,residential,,,
749,750,19.528356,residential,,,
297,751,21.893223,residential,,,
751,752,26.425883,residential,,,
753,754,40.615008,residential,,,
755,756,26.465909,residential,,,
756,757,39.284217,residential,,,
757,758,22.858178,residential,,,
758,759,19.357800,residential,,,
759,760,48.735915,residential,,,
301,761,51.308731,residential,,,
762,763,86.607970,residential,,,
756,764,6.772579,residential,,,
764,721,19.744747,residential,,,
721,739,20.776777,residential,,,
739,745,12.281822,residential,,,
745,765,55.242909,residential,,,
310,766,26.480914,residential,,,
766,767,32.816494,residential,,,
768,769,9.991634,residential,,,
769,770,11.480061,residential,,,
770,771,12.363885,residential,,,
771,772,6.402762,residential,,,
773,774,31.302243,residential,,,
774,775,20.921645,residential,,,
775,776,21.422125,residential,,,
776,777,9.021397,residential,,,
777,755,38.949885,residential,,,
755,778,18.695770,residential,,,
778,779,9.976603,residential,,,
779,780,82.453658,residential,,,
780,781,39.469381,residential,,,
162,782,14.028028,residential,,,
782,762,26.547166,residential,,,
762,783,17.123800,residential,,,
783,784,5.853205,residential,,,
784,785,14.718380,residential,,,
786,787,34.208994,residential,,,
787,788,9.101749,residential,,,
771,789,63.933274,residential,,,
734,790,43.307032,residential,,,
733,162,25.056130,residential,,,
162,791,79.392498,residential,,,
792,793,46.486076,residential,,,
793,794,18.811410,residential,,,
794,789,3.919465,residential,,,
789,795,8.236420,residential,,,
795,796,23.446056,residential,,,
796,743,18.583206,residential,,,
743,753,6.218710,residential,,,
753,779,25.069916,residential,,,
779,797,26.496153,residential,,,
797,798,4.837577,residential,,,
798,705,102.777740,residential,,,
799,800,67.846701,footway,,,
195,801,23.436840,unclassified,,,
801,802,16.854372,unclassified,,,
802,803,57.095344,unclassified,,,
803,804,22.273939,unclassified,,,
804,805,10.164002,unclassified,,,
805,806,4.685691,unclassified,,,
806,807,3.557386,unclassified,,,
807,808,47.993539,unclassified,,,
808,809,35.255324,unclassified,,,
809,810,61.148199,unclassified,,,
810,811,5.922007,unclassified,,,
811,812,10.809372,unclassified,,,
812,813,55.539806,unclassified,,,
813,814,21.076044,unclassified,,,
814,815,4.410567,unclassified,,,
815,816,3.099794,unclassified,,,
816,817,8.484744,unclassified,,,
817,198,25.909316,unclassified,,,
818,819,14.311308,unclassified,,,
820,821,21.886483,footway,,,
821,822,41.056177,footway,,,
822,823,1.893347,footway,,,
182,824,8.325425,residential,,,
824,332,38.594529,residential,,,
332,825,21.118935,residential,,,
825,826,29.085431,residential,,,
826,395,5.953153,residential,,,
395,362,4.246700,residential,,,
362,827,10.144603,residential,,,
827,419,50.517288,residential,,,
828,829,43.834563,residential,,,
829,830,6.447409,residential,,,
830,831,15.689600,residential,,,
831,832,26.958545,residential,,,
830,833,31.308981,service,,,
833,834,35.708566,service,,,
834,835,28.461641,service,,,
677,836,60.931294,residential,,,
836,837,56.421013,residential,,,
178,838,7.915848,residential,,,
185,349,27.710732,tertiary,,,
349,411,32.502076,tertiary,,,
411,394,29.703954,tertiary,,,
394,839,29.450876,tertiary,,,
839,418,28.700940,tertiary,,,
418,218,28.733177,tertiary,,,
218,840,42.297958,tertiary,,,
840,444,6.306985,tertiary,,,
444,841,12.425635,tertiary,,,
842,843,27.803285,residential,,,
843,716,24.746101,residential,,,
842,684,24.780978,residential,,,
684,687,25.541880,residential,,,
687,844,24.973316,residential,,,
845,844,30.164416,residential,,,
844,846,2.803441,residential,,,
846,847,67.113927,residential,,,
846,848,13.285406,footway,,,
848,849,22.172324,footway,,,
849,850,7.030680,footway,,,
851,852,30.451585,tertiary,,,
852,853,13.084223,tertiary,,,
853,854,26.550856,tertiary,,,
854,837,40.832351,tertiary,,,
837,698,35.607992,tertiary,,,
698,855,41.104152,tertiary,,,
855,696,10.956016,tertiary,,,
696,856,27.889113,tertiary,,,
856,676,5.982372,tertiary,,,
676,857,4.754727,tertiary,,,
857,714,56.590806,tertiary,,,
714,858,2.453832,tertiary,,,
858,859,9.257440,tertiary,,,
859,683,24.754148,tertiary,,,
683,688,26.204290,tertiary,,,
688,860,9.007516,tertiary,,,
860,847,16.262141,tertiary,,,
847,861,7.062933,tertiary,,,
861,862,5.326837,tertiary,,,
862,863,7.259650,tertiary,,,
863,864,60.662709,tertiary,,,
864,850,22.951158,tertiary,,,
850,220,36.963562,tertiary,,,
859,842,72.017873,residential,,,
865,823,18.682650,steps,,,
866,820,30.116909,unclassified,yes,,
820,209,6.237312,unclassified,yes,,
636,867,9.256889,steps,,,
867,868,7.662835,steps,,,
868,869,9.080836,steps,,,
869,870,1.853255,steps,,,
871,872,4.557666,footway,,,
872,873,15.824073,footway,,,
873,867,9.556893,footway,,,
867,874,8.469570,footway,,,
874,875,8.869830,footway,,,
875,876,9.649985,footway,,,
876,877,9.663596,footway,,,
877,878,13.422185,footway,,,
878,879,8.164920,footway,,,
879,880,4.904145,footway,,,
880,881,14.491000,footway,,,
881,882,13.666678,footway,,,
882,865,39.089965,footway,,,
883,114,13.219940,residential,yes,,
114,884,13.349619,residential,yes,,
884,112,42.545851,residential,yes,,
112,885,23.167777,residential,yes,,
35,886,14.726722,residential,yes,,
886,887,15.637684,residential,yes,,
887,108,16.771515,residential,yes,,
108,888,15.444637,residential,yes,,
888,883,50.834933,residential,yes,,
883,889,20.386229,residential,yes,,
890,134,16.649999,residential,yes,,
134,136,40.591136,residential,yes,,
136,8,99.447201,residential,yes,,
616,891,27.452921,service,,,
891,892,7.633213,service,,,
892,893,22.136439,service,,,
893,894,8.177906,service,,,
894,895,6.834776,service,,,
77,100,38.712718,secondary,,,
100,61,21.427418,secondary,,,
61,616,12.081651,secondary,,,
616,896,11.869348,secondary,,,
896,897,17.066290,secondary,,,
897,53,25.268680,secondary,,,
53,898,15.796818,secondary,,,
898,899,9.964902,secondary,,,
899,900,6.424063,secondary,,,
900,901,16.519412,secondary,,,
901,902,33.186637,secondary,,,
902,618,4.784322,secondary,,,
618,903,24.810223,secondary,,,
903,904,25.047061,secondary,,,
904,78,33.442165,secondary,,,
78,666,25.593131,secondary,,,
666,79,5.259368,secondary,,,
79,905,11.913158,secondary,,,
905,83,15.761195,secondary,,,
83,906,13.938052,secondary,,,
906,907,10.522208,secondary,,,
907,149,78.743351,secondary,,,
149,908,14.794005,secondary,,,
908,909,46.728617,secondary,,,
58,910,33.982216,unclassified,,,
910,911,17.359229,unclassified,,,
407,912,32.730537,unclassified,,,
912,534,44.170508,unclassified,,,
913,914,2.169970,secondary,yes,,
914,629,33.322816,secondary,yes,,
629,9,14.885285,secondary,yes,,
183,915,29.113104,service,,,
915,916,29.468059,service,,,
917,918,9.071250,residential,,,
918,919,14.766247,residential,,,
359,413,33.427827,residential,,,
920,921,1.550830,residential,yes,,
921,922,7.486425,residential,yes,,
922,923,12.113235,residential,yes,,
923,571,18.438575,residential,yes,,
571,453,30.898542,residential,yes,,
453,423,31.680938,residential,yes,,
423,424,29.943331,residential,yes,,
424,450,21.637689,residential,yes,,
450,432,22.058400,residential,yes,,
432,924,42.295663,residential,yes,,
924,925,18.930116,residential,yes,,
925,841,5.935399,residential,yes,,
10,433,22.325296,residential,yes,,
433,926,33.667692,residential,yes,,
926,927,6.426088,residential,yes,,
927,928,29.614026,residential,yes,,
928,929,7.614051,residential,yes,,
929,445,10.233175,unclassified,,,
445,930,9.218600,unclassified,,,
930,217,31.175915,unclassified,,,
217,419,28.283392,unclassified,,,
419,348,26.275246,unclassified,,,
348,364,32.830743,unclassified,,,
364,263,45.297562,unclassified,,,
924,927,112.173987,residential,,,
335,931,43.203721,unclassified,,,
931,932,3.269478,unclassified,,,
932,933,26.860685,unclassified,,,
933,934,10.006585,unclassified,,,
577,935,8.565333,residential,yes,,
935,936,4.523432,residential,yes,,
936,937,2.406185,residential,yes,,
937,938,7.048241,residential,yes,,
938,939,6.141891,residential,yes,,
939,940,5.034279,residential,yes,,
940,941,0.224085,residential,yes,,
942,943,7.760202,residential,,,
944,945,37.644628,residential,,,
946,947,51.994366,unclassified,,,
947,948,15.060733,unclassified,,,
948,949,4.017877,unclassified,,,
949,950,13.535323,unclassified,,,
951,952,47.663950,unclassified,,,
952,953,8.550282,unclassified,,,
953,954,10.552395,unclassified,,,
954,955,11.868749,unclassified,,,
956,957,36.880953,unclassified,,,
958,959,31.325444,unclassified,,,
959,960,6.013261,unclassified,,,
960,961,12.343464,unclassified,,,
961,962,29.595618,unclassified,,,
962,963,60.322924,unclassified,,,
963,964,6.780557,unclassified,,,
965,966,67.161981,unclassified,,,
966,967,29.732091,unclassified,,,
968,88,6.518747,unclassified,,,
88,969,20.460493,unclassified,,,
969,970,84.339803,unclassified,,,
970,971,49.266721,unclassified,,,
971,972,1.546132,unclassified,,,
972,973,15.457213,unclassified,,,
974,975,71.748222,unclassified,,,
975,976,20.915675,unclassified,,,
976,977,5.280866,unclassified,,,
977,978,45.317340,unclassified,,,
978,979,15.649784,unclassified,,,
979,152,50.185720,unclassified,,,
152,980,53.413516,unclassified,,,
981,982,82.615772,unclassified,,,
982,983,23.282822,unclassified,,,
984,946,24.539839,unclassified,,,
946,985,57.337085,unclassified,,,
975,986,47.045496,unclassified,,,
986,987,21.182008,unclassified,,,
987,988,54.244487,unclassified,,,
988,989,26.608898,unclassified,,,
989,974,32.125080,unclassified,,,
974,990,35.168163,unclassified,,,
991,992,38.193548,unclassified,,,
992,993,18.282853,unclassified,,,
993,994,10.246827,unclassified,,,
994,995,24.970281,unclassified,,,
995,996,10.161504,unclassified,,,
996,997,27.131962,unclassified,,,
997,998,30.657130,unclassified,,,
998,999,12.090523,unclassified,,,
999,985,10.589121,unclassified,,,
985,1000,14.314710,unclassified,,,
1000,1001,35.243864,unclassified,,,
1001,1002,30.791003,unclassified,,,
997,1003,83.774471,unclassified,,,
1004,1005,16.248475,residential,,,
1005,1006,26.540392,residential,,,
1006,1007,20.243943,residential,,,
625,1008,47.098570,unclassified,,,
1009,1010,17.178981,unclassified,,,
1010,1011,59.367849,unclassified,,,
1011,996,50.513106,unclassified,,,
145,1012,47.168537,residential,,,
623,1013,45.795265,unclassified,,,
1013,1014,14.192851,unclassified,,,
1014,1015,9.980774,unclassified,,,
1015,1016,19.757181,unclassified,,,
1016,1008,6.423606,unclassified,,,
1008,1017,27.617002,unclassified,,,
1017,1018,73.187116,unclassified,,,
1018,1019,2.602897,unclassified,,,
1019,1020,19.243507,unclassified,,,
1020,954,41.544633,unclassified,,,
1021,1022,34.192055,unclassified,,,
1022,1023,2.079106,unclassified,,,
1023,1024,10.126576,unclassified,,,
1024,1025,18.262651,unclassified,,,
1025,1026,24.239792,unclassified,,,
1026,1027,21.142465,unclassified,,,
1027,1028,15.193709,unclassified,,,
1028,1029,28.505704,unclassified,,,
1029,1030,6.406427,unclassified,,,
1030,1031,4.555562,unclassified,,,
1031,1032,6.525187,unclassified,,,
1032,1033,15.990841,unclassified,,,
140,1034,73.165735,unclassified,,,
1035,1036,59.839357,unclassified,,,
1036,1037,12.560078,unclassified,,,
1037,624,37.413707,unclassified,,,
624,1015,46.549481,unclassified,,,
1038,1039,23.418790,unclassified,,,
1039,1040,21.429094,unclassified,,,
1040,1041,36.685617,unclassified,,,
1041,981,88.140081,unclassified,,,
1042,1043,45.054114,unclassified,,,
1043,1044,79.887381,unclassified,,,
1044,1035,2.484867,unclassified,,,
1035,1045,19.535509,unclassified,,,
1045,1046,11.204306,unclassified,,,
1046,1047,15.023871,unclassified,,,
1047,1048,4.248894,unclassified,,,
1048,1049,15.712696,unclassified,,,
1049,1050,25.343123,unclassified,,,
1050,1051,14.152234,unclassified,,,
1051,1052,13.919088,unclassified,,,
1052,1053,27.586606,unclassified,,,
1053,1054,13.590072,unclassified,,,
1054,1055,2.243471,unclassified,,,
1055,1056,12.979317,unclassified,,,
1056,620,12.341515,unclassified,,,
972,1034,37.332786,unclassified,,,
1057,983,31.919484,unclassified,,,
983,1058,15.243513,unclassified,,,
1058,1059,40.487345,unclassified,,,
1059,952,13.204338,unclassified,,,
87,1004,40.514070,residential,,,
1004,1060,8.667422,residential,,,
1060,1061,17.947884,residential,,,
1061,1062,12.990540,residential,,,
964,1063,9.357396,unclassified,,,
1063,1064,35.192779,unclassified,,,
1064,1065,25.254551,unclassified,,,
1065,1066,27.064019,unclassified,,,
1066,619,45.387208,unclassified,,,
619,614,12.952581,unclassified,,,
614,1067,21.636347,unclassified,,,
1067,1068,22.442659,unclassified,,,
1068,1069,13.313724,unclassified,,,
1069,1070,20.691793,unclassified,,,
1070,1071,12.312511,unclassified,,,
1071,1072,16.874017,unclassified,,,
1072,1009,35.921345,unclassified,,,
1009,1073,26.219415,unclassified,,,
1073,1074,36.782560,unclassified,,,
1074,916,37.034371,unclassified,,,
916,1075,8.909934,unclassified,,,
1075,838,103.922658,unclassified,,,
1076,1077,7.225742,unclassified,,,
1077,957,58.055168,unclassified,,,
1078,1079,26.647751,unclassified,,,
1079,139,37.878073,unclassified,,,
1024,1043,75.339771,unclassified,,,
1080,1081,37.003087,service,,,
1000,1082,28.834629,unclassified,,,
1082,1083,34.998876,unclassified,,,
1083,1001,20.480152,unclassified,,,
1001,947,58.559581,unclassified,,,
947,1084,23.884212,unclassified,,,
1085,1086,66.228312,unclassified,,,
1086,1087,14.211239,unclassified,,,
1087,1088,10.345642,unclassified,,,
1088,1089,57.683801,unclassified,,,
1075,1090,69.526235,service,,,
1091,1092,90.891265,unclassified,,,
1092,994,53.874640,unclassified,,,
1093,1094,52.818914,unclassified,,,
1094,1095,36.392479,unclassified,,,
1095,956,21.740205,unclassified,,,
956,1096,13.036980,unclassified,,,
1096,1097,34.501430,unclassified,,,
1097,1098,0.303477,unclassified,,,
1099,1100,25.627938,unclassified,,,
1100,1101,29.234979,unclassified,,,
1101,1102,34.657323,unclassified,,,
1102,1103,16.489369,unclassified,,,
1103,1104,17.685290,unclassified,,,
1104,1105,55.120727,unclassified,,,
1105,1106,12.675803,unclassified,,,
1106,1028,40.464816,unclassified,,,
979,1087,57.324952,unclassified,,,
1107,1108,19.178940,unclassified,,,
1108,150,31.605561,unclassified,,,
150,1109,10.178106,unclassified,,,
1109,1089,25.654970,unclassified,,,
1089,965,9.121813,unclassified,,,
965,1085,15.083862,unclassified,,,
1085,1110,9.281888,unclassified,,,
1110,1111,10.941232,unclassified,,,
1111,1112,2.162251,unclassified,,,
1112,1113,19.179637,unclassified,,,
1113,1114,2.673484,unclassified,,,
1114,1115,8.326390,unclassified,,,
1115,1116,38.927530,unclassified,,,
1117,1118,9.499707,service,,,
1118,1119,36.009514,service,,,
1073,1120,59.452657,unclassified,,,
1120,1121,11.569631,unclassified,,,
1121,919,32.951514,unclassified,,,
1122,1097,2.867749,unclassified,,,
1097,1077,46.427569,unclassified,,,
1123,1124,81.569008,residential,,,
987,1125,46.115119,unclassified,,,
1125,1116,68.993190,unclassified,,,
1116,1126,61.074516,unclassified,,,
1126,1127,46.197720,unclassified,,,
1127,1123,45.898741,unclassified,,,
1123,1093,32.293799,unclassified,,,
1093,1128,22.070696,unclassified,,,
1128,958,26.284157,unclassified,,,
958,1129,26.521012,unclassified,,,
1129,1130,35.897340,unclassified,,,
1130,1131,24.007302,unclassified,,,
971,1132,40.877159,unclassified,,,
1132,144,70.944013,unclassified,,,
953,1133,24.446034,unclassified,,,
1133,970,29.300633,unclassified,,,
970,1134,80.239569,unclassified,,,
1134,1135,70.753819,unclassified,,,
1136,1137,13.969661,unclassified,,,
1137,1138,60.993569,unclassified,,,
1139,1140,11.980485,unclassified,,,
1140,1141,22.189871,unclassified,,,
1141,1142,14.353075,unclassified,,,
1142,1143,5.038440,unclassified,,,
1143,1144,10.867046,unclassified,,,
1144,967,12.434322,unclassified,,,
967,1145,8.070819,unclassified,,,
1145,1146,5.481181,unclassified,,,
1146,1147,11.984278,unclassified,,,
1147,1148,4.142226,unclassified,,,
1148,1149,18.198166,unclassified,,,
1149,1117,5.236894,unclassified,,,
1117,1150,8.161683,unclassified,,,
1150,1151,9.904281,unclassified,,,
1151,1080,3.620637,unclassified,,,
1080,1152,4.029611,unclassified,,,
1152,1127,31.785510,unclassified,,,
479,463,45.265290,unclassified,,,
43,1153,9.661523,residential,,,
1153,1154,18.680686,residential,,,
1155,1156,25.221391,unclassified,,,
464,1157,31.984752,unclassified,,,
1157,1158,45.395111,unclassified,,,
1159,1160,6.806248,unclassified,,,
1160,1155,33.267660,unclassified,,,
1155,474,28.744988,unclassified,,,
1161,1162,44.876103,unclassified,,,
1162,465,32.380486,unclassified,,,
465,478,53.683600,unclassified,,,
1163,1161,32.347275,unclassified,yes,,
1161,1158,31.455887,unclassified,yes,,
1158,1164,16.121144,unclassified,yes,,
1164,1165,9.358938,unclassified,yes,,
1166,1167,9.069683,unclassified,yes,,
1167,1157,29.211761,unclassified,yes,,
1157,1162,31.508499,unclassified,yes,,
1162,1168,31.995485,unclassified,yes,,
126,1169,25.762277,residential,,,
1169,1170,27.331255,residential,,,
115,1171,14.185884,footway,,,
120,127,42.250230,residential,,,
127,128,34.172629,residential,,,
888,116,15.065532,footway,,,
116,1172,14.447398,footway,,,
1172,109,42.606437,footway,,,
1172,1171,10.682435,footway,,,
1171,119,7.187887,footway,,,
119,884,33.298965,footway,,,
1173,577,17.718610,primary,-1,,
1174,1175,8.217320,residential,,,
1175,1176,2.735235,residential,,,
1177,1178,3.158974,motorway_link,yes,yes,
1178,1179,6.059416,motorway_link,yes,yes,
1179,1180,6.224727,motorway_link,yes,yes,
1180,577,16.260637,motorway_link,yes,yes,
1181,1182,13.854397,primary,-1,,
1182,1183,4.611539,primary,-1,,
1183,1184,21.069159,primary,-1,,
1184,1185,15.266279,primary,-1,,
1185,1186,11.136424,primary,-1,,
1186,1187,38.241596,primary,-1,,
1187,1188,21.620064,primary,-1,,
1188,1189,10.565818,primary,-1,,
1189,350,10.410312,primary,-1,,
350,1190,12.070548,primary,-1,,
1190,1191,24.918235,primary,-1,,
1191,1192,34.018834,primary,-1,,
1192,1193,36.718421,primary,-1,,
1193,1194,30.239335,primary,-1,,
1194,440,10.127456,primary,-1,,
440,1195,11.755016,primary,-1,,
1195,1196,13.585304,primary,-1,,
1196,1197,30.861131,primary,-1,,
1197,1165,32.829300,primary,-1,,
1165,1198,10.139764,primary,-1,,
1198,1199,6.475074,primary,-1,,
1199,1166,31.853195,primary,-1,,
1166,1200,22.905530,primary,-1,,
1200,1201,4.391637,primary,-1,,
1201,461,6.393004,primary,-1,,
461,1202,6.237720,primary,-1,,
1202,481,27.991865,primary,-1,,
481,1203,27.845902,primary,-1,,
1203,1204,13.139540,primary,-1,,
1204,577,15.559972,primary,-1,,
1181,1205,17.490155,primary,yes,,
1205,602,36.756416,primary,yes,,
602,383,47.507268,primary,yes,,
383,1206,21.479165,primary,yes,,
1206,1207,10.949374,primary,yes,,
1207,351,10.427218,primary,yes,,
351,1208,10.790608,primary,yes,,
1208,416,59.873073,primary,yes,,
416,400,36.574076,primary,yes,,
400,1209,29.112214,primary,yes,,
1209,441,11.891810,primary,yes,,
441,1210,12.200007,primary,yes,,
1210,1211,12.907789,primary,yes,,
1211,538,30.032769,primary,yes,,
538,1212,43.594303,primary,yes,,
1212,431,5.740761,primary,yes,,
431,1213,55.717025,primary,yes,,
1213,459,4.465189,primary,yes,,
459,1214,12.455075,primary,yes,,
1214,460,27.995984,primary,yes,,
460,1215,28.903800,primary,yes,,
1215,1173,13.160478,primary,yes,,
1216,1217,74.833203,residential,,,
1217,1197,8.947537,residential,,,
549,1218,55.100656,residential,,,
1218,1186,8.584432,residential,,,
1184,548,66.170648,residential,,,
407,1191,42.723191,residential,,,
408,1192,54.458952,residential,,,
409,1219,60.554132,residential,,,
1219,1193,7.233167,residential,,,
1102,1220,29.910504,residential,,,
1221,1222,29.627411,unclassified,,,
1222,1223,14.653983,unclassified,,,
1223,1224,69.049738,unclassified,,,
1224,1096,19.150825,unclassified,,,
1045,1225,14.895984,residential,,,
1225,1226,23.128638,residential,,,
1226,1105,13.957948,residential,,,
1227,1136,35.526831,primary,,,
1136,1228,57.010821,primary,,,
1228,1229,20.912064,primary,,,
1229,1033,36.828464,primary,,,
1033,1230,12.632226,primary,,,
1230,1231,72.981134,primary,,,
1231,1232,54.513053,primary,,,
1232,1233,46.345070,primary,,,
1233,1099,9.566457,primary,,,
1099,1234,68.632958,primary,,,
1234,964,27.729652,primary,,,
964,1235,7.772147,primary,,,
1235,160,47.061966,primary,,,
160,1236,10.065888,primary,,,
1236,1237,13.322805,primary,,,
1237,1181,11.679797,primary,,,
1238,298,27.783649,living_street,,,
1239,1240,9.468915,residential,,,
1240,1241,5.704596,residential,,,
1241,297,13.628338,residential,,,
783,1242,11.004056,residential,,,
1243,307,25.737489,living_street,,,
1244,1245,34.268190,unclassified,,,
1245,1246,43.757454,unclassified,,,
1246,1247,23.174511,unclassified,,,
1247,1248,11.704620,unclassified,,,
1248,1249,10.936563,unclassified,,,
1247,1250,46.461462,unclassified,,,
1251,1252,7.354653,secondary,,,
1252,1253,14.312159,secondary,,,
1253,1254,37.675498,secondary,,,
1254,1255,12.235654,secondary,,,
1255,1256,13.625767,secondary,,,
1256,1257,34.793513,secondary,,,
1257,1258,42.785665,secondary,,,
1258,702,43.428264,secondary,,,
702,1259,16.968263,secondary,,,
1259,235,23.466835,secondary,,,
235,1260,81.274343,secondary,,,
1260,1261,32.692372,secondary,,,
1261,707,5.046279,secondary,,,
707,1262,17.515513,secondary,,,
1262,760,22.203704,secondary,,,
760,1263,31.164279,secondary,,,
1263,1264,47.976166,secondary,,,
1264,747,30.879517,secondary,,,
747,161,2.950024,secondary,,,
161,1265,41.775452,secondary,,,
1265,791,46.198602,secondary,,,
791,763,34.690166,secondary,,,
763,788,19.194513,secondary,,,
788,282,7.832928,secondary,,,
282,1266,8.055702,secondary,,,
1266,1267,71.098198,secondary,,,
1267,1268,44.754176,secondary,,,
1268,1269,17.466656,secondary,,,
1269,304,19.177620,secondary,,,
304,742,19.049917,secondary,,,
742,1270,5.786029,secondary,,,
1271,1272,23.842253,service,,,
1272,1244,5.607019,service,,,
1244,1273,15.379964,service,,,
1273,1274,4.829079,service,,,
1274,1275,13.877684,service,,,
1275,1276,17.909620,service,,,
1276,1277,27.226275,service,,,
1278,1279,36.605313,service,,,
1279,1280,5.215427,service,,,
1280,1245,22.490942,service,,,
1281,1159,40.865686,primary,yes,,
1159,572,53.646240,primary,yes,,
572,588,60.512193,primary,yes,,
588,1282,9.921009,primary,yes,,
1282,1283,24.072230,primary,yes,,
1283,1284,30.970672,primary,yes,,
1284,1285,31.568097,primary,yes,,
1285,1204,14.048716,primary,yes,,
1204,1173,7.865002,primary,yes,,
1173,1286,14.742654,primary,yes,,
1286,382,31.436546,primary,yes,,
382,472,48.239704,primary,yes,,
472,1287,64.449719,primary,yes,,
1287,921,6.776834,primary,yes,,
921,1288,4.378311,primary,yes,,
278,1289,30.113914,unclassified,yes,,
1289,1268,19.708720,unclassified,yes,,
1290,1291,38.183502,unclassified,,,
1291,1292,15.050461,unclassified,,,
258,1293,34.877909,unclassified,,,
1293,1294,46.418086,unclassified,,,
1294,1295,36.138109,unclassified,,,
1295,1296,3.110858,unclassified,,,
1296,1297,4.784187,unclassified,,,
1297,1298,25.309915,unclassified,,,
1298,1299,11.048049,unclassified,,,
1299,1300,13.953451,unclassified,,,
1300,1301,22.353451,unclassified,,,
1301,1302,59.936929,unclassified,,,
1302,1303,3.693966,unclassified,,,
1303,1304,3.373600,unclassified,,,
1304,1305,4.555150,unclassified,,,
1305,1290,84.859057,unclassified,,,
1290,1306,15.632634,unclassified,,,
1306,1307,7.750942,unclassified,,,
1307,251,16.137329,unclassified,,,
1291,1308,51.466722,unclassified,,,
1301,252,116.838061,unclassified,,,
1294,1309,26.271875,unclassified,,,
1309,1310,25.500026,unclassified,,,
1310,1311,16.407701,unclassified,,,
1311,1312,22.089019,unclassified,,,
879,1313,44.014783,footway,,,
1313,1314,71.954607,footway,,,
1314,1315,18.444026,footway,,,
1315,1316,5.354447,footway,,,
1316,1317,19.806937,footway,,,
1317,1318,18.870254,footway,,,
1318,1319,8.403779,footway,,,
1319,1320,10.721323,footway,,,
1320,1321,2.682122,footway,,,
1321,1322,12.141861,footway,,,
1322,1323,6.063900,footway,,,
1323,1324,16.279325,footway,,,
1324,1325,9.595696,footway,,,
1325,1326,16.935474,footway,,,
1326,1327,14.668505,footway,,,
1327,1328,13.034831,footway,,,
1328,1329,8.789711,footway,,,
1330,1331,8.781802,service,,,
1331,1332,38.132959,service,,,
1332,1333,9.310268,service,,,
808,1334,27.376135,service,,,
1334,1335,17.480536,service,,,
1335,1336,11.048994,service,,,
1336,1337,51.324187,service,,,
1337,1338,4.594401,service,,,
1338,1339,5.481781,service,,,
1339,801,8.488311,service,,,
803,1340,28.470359,service,,,
1340,802,49.328265,service,,,
1318,1341,18.159360,footway,,,
1341,1342,20.956756,footway,,,
1342,811,7.123983,footway,,,
1343,1344,4.575083,service,,,
1344,1345,3.964625,service,,,
1345,1346,3.476927,service,,,
1346,1347,29.565837,service,,,
1347,1348,3.043336,service,,,
1348,1349,3.100048,service,,,
1349,1350,2.849401,service,,,
1350,1351,2.929435,service,,,
1351,1352,3.048598,service,,,
72,1353,25.343475,service,,,
1353,1354,3.142187,service,,,
1354,1355,1.918731,service,,,
1355,1356,3.367687,service,,,
1356,1352,2.733957,service,,,
1352,1357,2.448473,service,,,
1357,1358,4.413671,service,,,
1358,1359,29.431521,service,,,
1359,1343,3.569041,service,,,
1343,1360,5.826835,service,,,
1360,1361,5.390307,service,,,
1361,1362,6.515265,service,,,
1362,1363,6.458291,service,,,
1363,75,9.705130,service,,,
73,1364,25.225683,service,,,
1364,1365,28.563329,service,,,
1365,1366,29.980609,service,,,
1366,1367,7.327551,service,,,
1367,1368,6.597321,service,,,
1368,1369,8.020770,service,,,
1369,1370,43.789521,service,,,
1370,1371,7.441062,service,,,
1371,1372,7.688499,service,,,
1372,1373,9.692412,service,,,
1373,1374,14.099753,service,,,
1374,1329,11.798809,service,,,
1329,1375,4.424288,service,,,
1375,1376,8.389736,service,,,
1376,1377,9.600509,service,,,
1377,1378,18.264118,service,,,
1378,1330,11.144622,service,,,
1330,1379,12.590233,service,,,
1379,1380,7.159834,service,,,
1380,1298,8.572478,service,,,
822,1381,4.551602,service,,,
1381,1382,27.049194,service,,,
1313,1383,27.100758,footway,,,
806,1384,24.404689,footway,,,
1384,1385,12.266741,footway,,,
1385,882,13.362749,footway,,,
882,1386,25.681716,footway,,,
1336,1387,34.457390,service,,,
1387,1388,31.077089,service,,,
1388,813,49.748705,service,,,
1334,1389,37.412122,service,,,
815,1390,5.658586,footway,,,
1390,1391,9.259103,footway,,,
1391,1392,20.188713,footway,,,
1392,1393,16.400331,footway,,,
1393,1394,6.083060,footway,,,
1394,1395,7.403831,footway,,,
1395,1396,8.082643,footway,,,
1396,1397,8.106092,footway,,,
1397,1398,7.331878,footway,,,
1398,1399,14.559451,footway,,,
1399,1400,4.241355,footway,,,
1400,1401,5.701168,footway,,,
1401,1402,6.959053,footway,,,
1402,1403,5.762760,footway,,,
1403,1404,5.426314,footway,,,
1404,1405,3.985246,footway,,,
1405,1406,2.338467,footway,,,
1406,1407,7.134311,footway,,,
1407,1408,7.970209,footway,,,
1408,1409,29.661739,footway,,,
1409,1301,5.828199,footway,,,
236,1410,6.540922,footway,,,
1410,1411,17.698171,footway,,,
1411,1412,8.380309,footway,,,
1412,1413,20.960641,footway,,,
1413,1414,14.210376,footway,,,
1414,1415,20.234378,footway,,,
1415,1416,13.882779,footway,,,
1416,1417,15.699345,footway,,,
1417,1418,21.483765,footway,,,
1418,1419,20.255127,footway,,,
1419,1420,14.765641,footway,,,
1420,1421,9.120045,footway,,,
1421,1422,5.124807,footway,,,
1422,1423,10.837277,footway,,,
1423,1424,6.994580,footway,,,
1425,1426,6.217533,footway,,,
1426,656,18.499573,footway,,,
1427,1428,7.709331,footway,,,
1428,1429,6.595539,footway,,,
1429,1408,15.958477,footway,,,
1408,1430,7.171370,footway,,,
1430,1431,6.806390,footway,,,
1431,1431,0.000000,footway,,,
1431,1432,6.735724,footway,,,
1432,1433,12.629391,footway,,,
1433,1434,9.951169,footway,,,
1434,1435,8.356486,footway,,,
1435,1436,9.750374,footway,,,
1436,1437,7.019129,footway,,,
1437,1438,9.958797,footway,,,
1438,1439,4.470435,footway,,,
1439,1440,6.742403,footway,,,
1440,1441,8.648414,footway,,,
1441,1442,7.368253,footway,,,
1442,1443,8.943627,footway,,,
1443,1444,7.961630,footway,,,
1444,1445,5.535596,footway,,,
1445,1446,5.124231,footway,,,
1446,1447,4.076910,footway,,,
1447,1448,5.659245,footway,,,
1448,1449,4.646124,footway,,,
1449,1450,5.893823,footway,,,
1450,1451,6.672963,footway,,,
1451,1452,8.733432,footway,,,
1452,1453,1.944723,footway,,,
1453,1431,2.540550,footway,,,
657,1454,4.440493,footway,,,
1454,1455,4.632951,footway,,,
1455,1456,5.489764,footway,,,
1456,1457,9.602379,footway,,,
1457,1458,10.772238,footway,,,
1458,1459,7.876142,footway,,,
1459,1460,24.295765,footway,,,
1460,1461,31.833510,footway,,,
1461,1462,32.591276,footway,,,
1462,1463,27.540009,footway,,,
1463,1425,5.032012,footway,,,
1425,1464,19.034707,footway,,,
1464,1465,32.129378,footway,,,
1465,1466,10.271237,footway,,,
1466,1467,36.221847,footway,,,
1467,201,12.082968,footway,,,
1468,1469,4.517073,primary,yes,,
1469,276,4.449465,primary,yes,,
276,1470,3.771332,primary,yes,,
1470,1471,7.733493,primary,yes,,
1471,781,10.879611,primary,yes,,
781,1472,11.017524,primary,yes,,
1472,773,24.776252,primary,yes,,
773,765,42.431754,primary,yes,,
765,1473,49.283773,primary,yes,,
1473,727,24.532164,primary,yes,,
727,1474,70.465097,primary,yes,,
1474,738,18.825943,primary,yes,,
738,1475,14.164663,primary,yes,,
1475,1476,10.276055,primary,yes,,
1477,1478,33.026576,primary,yes,,
1478,1479,35.210601,primary,yes,,
1479,1480,11.491461,primary,yes,,
1480,1481,31.825520,primary,yes,,
1481,1482,13.704911,primary,yes,,
1482,577,8.458293,primary,yes,,
577,1483,6.289584,primary,yes,,
1483,1484,8.588002,primary,yes,,
1484,1485,45.295544,primary,yes,,
1485,1486,33.846595,primary,yes,,
1486,587,8.080491,primary,yes,,
587,1487,123.771914,primary,yes,,
1487,1488,25.649190,primary,yes,,
277,1489,7.283689,tertiary,yes,,
1489,287,30.211944,tertiary,yes,,
287,284,23.951228,tertiary,yes,,
284,1490,4.659672,tertiary,yes,,
1491,18,23.658857,tertiary,yes,,
18,492,32.514098,tertiary,yes,,
492,1492,6.429115,tertiary,yes,,
1492,1493,7.949547,tertiary,yes,,
1493,1468,9.004810,tertiary,yes,,
1494,1495,67.712686,tertiary,yes,,
1495,1496,14.042624,tertiary,yes,,
1496,1497,14.042276,tertiary,yes,,
1497,259,40.776296,tertiary,yes,,
1498,1499,3.102272,unclassified,yes,,
1499,1500,3.109303,unclassified,yes,,
1500,1501,3.110269,unclassified,yes,,
1501,1502,2.078126,unclassified,yes,,
1502,338,3.113520,unclassified,yes,,
338,1494,3.100984,unclassified,yes,,
269,1503,95.114042,residential,yes,,
1494,1504,3.019496,unclassified,yes,,
1504,1505,3.093021,unclassified,yes,,
1505,1506,3.102380,unclassified,yes,,
1506,449,1.301025,unclassified,yes,,
449,1507,1.828660,unclassified,yes,,
1507,1508,3.598890,unclassified,yes,,
1508,1509,3.112289,unclassified,yes,,
1509,1510,3.110368,unclassified,yes,,
1510,1511,3.109659,unclassified,yes,,
1511,1512,3.108535,unclassified,yes,,
1512,1513,3.727455,unclassified,yes,,
1513,1514,3.097840,unclassified,yes,,
1514,1498,3.100550,unclassified,yes,,
1251,1515,9.503868,residential,yes,,
1515,1516,45.415162,residential,yes,,
1516,1517,12.983331,residential,yes,,
1517,1518,10.229355,residential,yes,,
1518,1519,13.915286,residential,yes,,
1519,1520,5.553504,residential,yes,,
1520,1521,20.551409,residential,yes,,
1521,1522,8.144998,residential,yes,,
1522,1523,6.188840,residential,yes,,
1523,1524,1.787015,residential,yes,,
1524,1525,43.438986,residential,yes,,
1525,339,14.005163,residential,yes,,
339,1526,15.107531,residential,yes,,
1526,1503,13.855680,residential,yes,,
1503,1527,8.742470,residential,yes,,
1527,211,45.414342,residential,yes,,
211,1528,8.560143,residential,yes,,
1528,1529,4.873082,residential,yes,,
1529,1498,13.054154,residential,yes,,
1251,1530,11.617968,primary,yes,,
1530,1531,14.976633,primary,yes,,
1531,1532,5.785581,primary,yes,,
1532,1533,26.488591,primary,yes,,
1533,1534,41.857812,primary,yes,,
1534,1535,9.519923,primary,yes,,
1535,1536,9.112245,primary,yes,,
1536,275,10.005765,primary,yes,,
259,1537,12.874310,tertiary,yes,,
1537,929,39.420398,tertiary,yes,,
929,841,114.736157,tertiary,yes,,
841,422,49.635664,tertiary,yes,,
422,173,39.929753,tertiary,yes,,
173,373,54.599539,tertiary,yes,,
373,1538,42.530823,tertiary,yes,,
1538,1539,43.271645,tertiary,yes,,
1539,1210,13.531801,tertiary,yes,,
1210,1195,11.671476,tertiary,yes,,
1195,1540,13.387909,tertiary,yes,,
1540,1541,68.942645,tertiary,yes,,
1541,545,80.393839,tertiary,yes,,
545,576,44.909697,tertiary,yes,,
576,1542,52.694859,tertiary,yes,,
1542,1543,10.533987,tertiary,yes,,
1072,1544,34.386916,unclassified,,,
1544,1545,25.156245,unclassified,,,
1545,1546,14.964005,unclassified,,,
1546,1547,22.683010,unclassified,,,
1547,1548,4.350969,unclassified,,,
1548,611,32.260610,unclassified,,,
1229,1138,24.171461,unclassified,,,
1138,1549,36.865795,unclassified,,,
1549,1550,3.787356,unclassified,,,
1550,1029,20.983880,unclassified,,,
1029,1551,16.304078,unclassified,,,
1551,1552,8.775401,unclassified,,,
1552,1553,9.684281,unclassified,,,
1553,1554,69.063929,unclassified,,,
1554,1555,16.579178,unclassified,,,
1555,1220,23.708133,unclassified,,,
1220,1556,14.257666,unclassified,,,
1556,1100,19.043396,unclassified,,,
1100,1557,36.445621,unclassified,,,
1557,1558,19.123784,unclassified,,,
1558,1559,17.793566,unclassified,,,
1559,1560,6.262201,unclassified,,,
1560,1064,20.003003,unclassified,,,
1064,1561,14.920419,unclassified,,,
1561,1562,5.817415,unclassified,,,
1562,1563,20.632045,unclassified,,,
1563,1564,21.626002,unclassified,,,
1564,159,9.298015,unclassified,,,
159,1565,36.403376,unclassified,,,
138,984,10.916853,tertiary,,,
984,1084,52.152818,tertiary,,,
1084,851,45.145292,tertiary,,,
851,708,66.968411,tertiary,,,
708,828,62.501771,tertiary,,,
828,1566,65.994933,tertiary,,,
1566,1567,6.635029,tertiary,,,
500,1568,40.959777,residential,,,
1568,1569,28.954832,residential,,,
1569,511,12.934423,residential,,,
511,1570,28.291157,residential,,,
1570,1571,11.287845,residential,,,
1571,484,30.784463,residential,,,
484,1572,11.348588,residential,,,
1572,1573,14.196718,residential,,,
1573,1574,32.045223,residential,,,
477,594,26.536547,unclassified,yes,,
594,1575,26.234228,unclassified,yes,,
1575,466,7.820325,unclassified,yes,,
466,1168,32.447407,unclassified,yes,,
1168,541,11.718619,unclassified,yes,,
541,1163,32.649077,unclassified,yes,,
1163,591,15.345522,unclassified,yes,,
591,1216,5.813298,unclassified,yes,,
1216,1541,38.456978,unclassified,yes,,
1541,410,11.031749,unclassified,,,
1576,573,70.154367,unclassified,,,
1577,1578,31.795598,residential,,,
1578,1579,35.092226,residential,,,
1579,1021,65.477728,residential,,,
1021,1042,74.261048,residential,,,
1042,1580,52.188777,residential,,,
1580,1057,35.959083,residential,,,
1057,628,20.502580,residential,,,
628,1018,47.580923,residential,,,
1018,1581,26.126646,residential,,,
1581,1091,34.121721,residential,,,
1091,945,29.803521,residential,,,
945,991,12.886446,residential,,,
991,1078,36.649891,residential,,,
1078,1003,13.847477,residential,,,
1003,1582,28.653610,residential,,,
1582,138,12.815686,residential,,,
213,1583,19.375470,residential,,,
1583,268,34.679640,residential,,,
1140,1584,33.230159,service,,,
1143,1585,42.567808,service,,,
1141,1586,41.690698,service,,,
1144,1587,43.082541,service,,,
1145,1588,32.123306,service,,,
1147,1589,32.519088,service,,,
1149,1590,34.932476,service,,,
1591,1109,40.055204,service,,,
1592,1591,6.322386,service,,,
1591,1593,5.119815,service,,,
1594,84,1.373906,tertiary,,,
84,908,32.993695,tertiary,,,
1047,1595,23.867998,service,,,
1595,1103,36.599990,service,,,
680,1596,35.160933,unclassified,,,
1596,1597,40.878391,unclassified,,,
1597,142,53.111198,unclassified,,,
627,1598,55.021605,unclassified,,,
903,1599,23.647763,service,,,
1599,1600,29.442813,service,,,
1600,863,18.589127,service,,,
1036,1601,29.680187,service,,,
1601,1602,13.201580,service,,,
1602,622,36.498010,service,,,
1603,1598,18.405781,unclassified,,,
1598,1580,35.509043,unclassified,,,
1040,1579,30.590027,unclassified,,,
1066,1604,37.786616,service,,,
1604,1605,9.094455,service,,,
1605,1606,12.433226,service,,,
1606,1607,14.844698,service,,,
670,847,75.404793,service,,,
1608,1609,82.918812,footway,,,
1609,1610,44.077054,footway,,,
1126,1611,44.366929,residential,,,
1612,1232,36.221783,residential,,,
1611,1612,48.065375,path,,,
470,592,44.337731,residential,,,
592,1542,47.777623,residential,,,
1542,435,10.429955,residential,,,
931,1613,31.009788,residential,,,
1613,1614,7.095755,residential,,,
1614,1615,5.442753,residential,,,
1615,1616,3.388165,residential,,,
1616,1617,43.131004,residential,,,
1618,1619,3.934466,residential,,,
1619,1620,16.746229,residential,,,
1620,1621,9.681839,residential,,,
1621,1622,4.070398,residential,,,
1622,932,18.014919,residential,,,
1176,1479,10.177609,residential,,,
555,1623,23.718805,residential,,,
562,436,41.741400,residential,,,
1624,1625,0.138456,service,,,
1626,960,43.277521,service,,,
1627,1628,14.711083,service,,,
1023,1629,37.606552,residential,,,
1630,1631,16.104586,service,,,
959,1632,35.644516,service,,,
962,1633,39.177297,service,,,
1628,1634,3.088035,residential,,,
1634,1222,9.244415,residential,,,
1635,1636,57.630843,service,,,
1636,1637,24.337523,service,,,
1637,1638,22.110633,service,,,
1638,1630,27.228566,service,,,
1233,1639,13.218149,service,,,
1639,1640,9.653277,service,,,
1640,1641,5.901947,service,,,
1641,1642,5.729055,service,,,
1642,1643,6.464711,service,,,
1643,1644,12.583966,service,,,
1095,1645,23.020106,footway,,,
1645,1646,6.263900,footway,,,
1646,1647,4.969211,footway,,,
1647,1648,37.089107,footway,,,
1648,1627,19.968071,footway,,,
1627,1649,2.124789,footway,,,
1649,1650,9.659641,footway,,,
1650,1651,11.865161,footway,,,
476,595,39.975370,residential,,,
1652,1653,35.255556,service,,,
1558,1654,3.671890,service,,,
1654,1655,19.220460,service,,,
1655,1656,14.037020,service,,,
1656,1657,10.965615,service,,,
1658,1659,9.823251,residential,,,
1659,704,15.065945,residential,,,
1660,1661,15.584138,residential,,,
1661,1658,2.312957,residential,,,
793,1662,10.170754,footway,,,
1662,1663,31.843900,footway,,,
1663,1664,7.693533,footway,,,
1665,1666,5.463378,footway,,,
1666,1667,21.137048,footway,,,
1667,1668,21.258109,footway,,,
1668,1669,15.730062,footway,,,
1670,1671,11.335575,footway,,,2
1671,1672,26.853150,footway,,,2
1672,1673,85.339742,footway,,,2
1673,1674,32.840774,footway,,,2
1674,1675,102.849133,footway,,,2
1675,1676,29.655694,footway,,,2
1676,1677,18.914206,footway,,,2
90,910,30.307187,residential,,,
296,1678,33.774530,unclassified,,,
1255,1679,15.578102,service,,,
1679,1680,28.252167,service,,,
1681,1682,40.539850,footway,,,
1682,586,51.598105,footway,,,
586,1683,28.147196,footway,,,
1683,1684,30.396744,footway,,,
1684,579,33.969172,footway,,,
579,936,14.242029,footway,,,
936,1685,4.010194,footway,,,
277,1686,4.290267,primary,yes,,
1686,1493,4.460209,primary,yes,,
1493,1687,7.575163,primary,yes,,
1687,1688,14.462404,primary,yes,,
1688,1689,23.300325,primary,yes,,
1689,504,25.216425,primary,yes,,
504,491,16.889503,primary,yes,,
491,503,31.143945,primary,yes,,
503,483,28.332830,primary,yes,,
483,1690,18.804592,primary,yes,,
1690,1691,64.377511,primary,yes,,
1691,1692,124.070485,primary,yes,,
1692,1251,11.245262,primary,yes,,
1693,1694,10.375226,primary,yes,,
1694,1250,11.987150,primary,yes,,
1250,1695,64.966718,primary,yes,,
1695,1278,10.742908,primary,yes,,
1278,1277,22.475200,primary,yes,,
1277,1252,11.511630,primary,yes,,
1252,1610,5.437819,primary,yes,,
1610,1696,7.702383,primary,yes,,
1696,1697,105.678796,primary,yes,,
1697,1698,18.743298,primary,yes,,
1698,1699,60.547918,primary,yes,,
1699,792,42.086849,primary,yes,,
792,768,63.935954,primary,yes,,
768,1700,11.291908,primary,yes,,
1700,1701,21.509507,primary,yes,,
1701,1702,19.382643,primary,yes,,
1702,1468,4.926191,primary,yes,,
1703,1704,7.872747,primary,yes,,
1704,943,10.474750,primary,yes,,
943,322,39.725938,primary,yes,,
322,728,42.362377,primary,yes,,
728,320,54.905774,primary,yes,,
320,317,28.424277,primary,yes,,
317,315,21.521140,primary,yes,,
315,1705,31.689882,primary,yes,,
1705,1706,33.821431,primary,yes,,
1706,277,5.751298,primary,yes,,
1707,1708,106.082651,primary,yes,,
1708,1635,7.729292,primary,yes,,
1635,1131,40.567628,primary,yes,,
1131,1709,16.260015,primary,yes,,
1709,1710,85.561454,primary,yes,,
1710,1237,20.782823,primary,yes,,
1237,1711,22.523153,primary,yes,,
1711,1712,15.163318,primary,yes,,
1712,1565,11.568227,primary,yes,,
1565,157,75.781478,primary,yes,,
157,1713,39.067104,primary,yes,,
1713,1652,9.134508,primary,yes,,
1652,1714,11.888792,primary,yes,,
1714,1715,10.549765,primary,yes,,
1715,389,41.358525,primary,yes,,
389,918,17.291069,primary,yes,,
918,1716,5.866758,primary,yes,,
1716,1717,64.754302,primary,yes,,
1717,183,37.535769,primary,yes,,
183,178,114.805253,primary,yes,,
178,1718,79.118026,primary,yes,,
1718,1719,47.634112,primary,yes,,
1719,1566,27.624774,primary,yes,,
1566,1693,25.131429,primary,yes,,
146,1720,93.549644,residential,,,
1720,1721,15.453435,residential,,,
1721,672,38.506156,residential,,,
336,1722,5.286215,service,,,
1722,1723,45.589719,service,,,
1723,1724,55.444897,service,,,
1724,1725,54.529673,service,,,
1725,1726,51.415039,service,,,
1725,1727,78.130059,service,,,
1727,1728,40.457022,service,,,
1728,1729,27.058333,service,,,
339,1730,31.377050,service,,,
1730,1724,70.881160,service,,,
275,1567,22.410275,primary,yes,,
1567,1731,17.083467,primary,yes,,
1731,327,26.816989,primary,yes,,
327,1732,32.280122,primary,yes,,
1732,329,43.312122,primary,yes,,
329,179,35.782611,primary,yes,,
179,184,115.503200,primary,yes,,
184,1733,94.608588,primary,yes,,
1733,917,17.346730,primary,yes,,
917,390,12.702553,primary,yes,,
390,1734,40.043341,primary,yes,,
1734,608,11.075273,primary,yes,,
608,606,11.939003,primary,yes,,
606,607,69.158083,primary,yes,,
607,1735,73.538242,primary,yes,,
1735,1736,10.256439,primary,yes,,
1736,1737,9.048227,primary,yes,,
1737,1181,13.364342,primary,yes,,
1181,1738,17.636256,primary,yes,,
1738,1739,5.682163,primary,yes,,
1739,547,54.650564,primary,yes,,
547,1740,24.454109,primary,yes,,
1740,519,34.504372,primary,yes,,
519,1741,29.776154,primary,yes,,
1741,558,20.850726,primary,yes,,
558,517,57.815810,primary,yes,,
517,1742,28.049552,primary,yes,,
1743,452,4.993019,tertiary,,,
452,1744,10.463119,tertiary,,,
1744,1745,36.841254,tertiary,,,
1745,451,35.505659,tertiary,,,
451,1746,58.988731,tertiary,,,
1746,1747,40.182417,tertiary,,,
1747,259,9.800770,tertiary,,,
275,1693,6.606415,tertiary,,,
977,1748,57.019547,unclassified,,,
1749,976,45.876133,unclassified,,,
1750,1751,35.153605,steps,,,
673,1752,42.126519,residential,,,
169,839,51.884517,residential,,,
961,1753,41.860723,service,,,
988,1751,3.109813,residential,,,
63,103,28.084363,residential,,,
147,1754,28.298127,residential,,,
1754,1755,23.175746,residential,,,
1755,1756,31.114385,residential,,,
1756,1757,13.092589,residential,,,
1758,905,33.322910,residential,,,
1759,906,50.423125,residential,,,
668,1760,60.236628,residential,,,
860,671,74.178926,residential,,,
1761,690,30.661975,residential,,,
694,1762,15.220024,residential,,,
1762,1763,18.491233,residential,,,
855,1764,31.328080,service,,,
1764,1765,16.508189,service,,,
1079,1766,25.346048,residential,,,
1070,1767,16.794024,service,,,
1767,1768,2.736394,service,,,
1768,1769,30.919559,service,,,
1068,1770,49.656781,service,,,
1067,1771,52.974931,service,,,
1772,1773,7.230998,residential,,,
1773,1016,22.499192,residential,,,
1581,1774,24.108360,residential,,,
1774,1775,49.667367,residential,,,
1775,1017,25.722815,residential,,,
982,1776,15.481205,residential,,,
1777,1778,16.048153,residential,,,
1779,1780,9.989236,residential,,,
1780,1781,5.577229,residential,,,
1781,1777,1.150172,residential,,,
1777,1037,39.047390,residential,,,
626,1779,30.664044,residential,,,
1779,1782,14.525333,residential,,,
1746,926,42.152785,residential,,,
454,425,62.580907,residential,,,
1112,1783,7.418355,service,,,
1783,1784,0.868335,service,,,
1784,1785,13.178697,service,,,
1785,1786,1.301759,service,,,
1786,1787,8.075423,service,,,
1787,1788,20.012187,service,,,
1788,1789,3.098274,service,,,
1789,1790,5.874558,service,,,
1791,1113,39.941100,service,,,
1792,1110,42.965817,service,,,
1111,1793,66.737323,residential,,,
1114,1794,43.260141,residential,,,
1125,1795,36.472784,residential,,,
986,1796,16.904744,residential,,,
1796,1748,27.416522,residential,,,
1797,1798,7.403276,residential,,,
1799,1800,5.162308,residential,,,
1801,1802,4.794350,residential,,,
148,1756,51.073118,residential,,,
1803,899,47.011012,residential,,,
1804,901,51.769639,residential,,,
1805,902,52.322561,service,,,
1806,904,56.828101,residential,,,
1807,669,34.798025,residential,,,
1392,1808,10.410300,footway,,,
1808,1809,14.197020,footway,,,
1809,1810,19.801836,footway,,,
1810,1811,9.128404,footway,,,
1811,1812,10.414898,footway,,,
1812,1813,19.649970,footway,,,
1813,1814,9.568367,footway,,,
1814,1815,8.804222,footway,,,
1815,1816,25.748808,footway,,,
1816,1817,7.189621,footway,,,
1817,1818,17.708626,footway,,,
1323,1819,21.540222,footway,,,
1819,1820,20.501366,footway,,,
1820,1821,9.216523,footway,,,
1821,1822,13.312076,footway,,,
1822,1444,10.846904,footway,,,
1823,1717,26.704255,residential,,,
1824,1825,23.601784,footway,,,
1825,1826,27.597711,footway,,,
1826,1827,5.215602,footway,,,
1828,1829,15.269993,footway,,,
978,1830,12.143439,service,,,
1830,1831,1.676283,service,,,
1831,1832,14.557093,service,,,
1833,1834,14.420650,footway,,,
1834,1835,13.657993,footway,,,
1835,1836,7.853032,footway,,,
1836,1837,8.752365,footway,,,
1837,1393,12.202037,footway,,,
1838,1839,10.001439,footway,,,
1839,1811,11.218168,footway,,,
1816,1840,16.988696,footway,,,
1840,1841,16.655419,footway,,,
1841,1842,11.474976,footway,,,
1842,1843,11.005259,footway,,,
1843,1844,9.667783,footway,,,
1844,1838,4.259119,footway,,,
1838,1833,8.587000,footway,,,
1833,1440,16.566998,footway,,,
1845,1846,15.588717,footway,,,
1846,1847,11.327123,footway,,,
1847,1848,23.484028,footway,,,
1848,1849,18.933756,footway,,,
1849,200,10.097419,footway,,,
1399,1850,5.746889,footway,,,
1850,1851,9.823193,footway,,,
1851,1852,9.920194,footway,,,
1852,1853,11.159635,footway,,,
1853,1854,15.904450,footway,,,
1854,1845,10.939049,footway,,,
1845,204,5.074270,footway,,,
1855,1856,11.414523,footway,,,
1856,1857,28.691226,footway,,,
1857,1849,7.452393,footway,,,
1853,1858,9.281375,footway,,,
1858,1859,10.495891,footway,,,
1859,1860,5.300128,footway,,,
1860,1861,7.260174,footway,,,
1861,1862,6.835842,footway,,,
1862,1863,9.397555,footway,,,
1443,1864,5.656135,footway,,,
1864,1865,4.468239,footway,,,
1865,1866,3.759255,footway,,,
1866,1867,2.254254,footway,,,
1867,1868,2.149625,footway,,,
1868,1869,1.835349,footway,,,
1870,1871,3.574640,footway,,,
1871,1872,2.517204,footway,,,
1872,1873,1.971003,footway,,,
1873,1874,2.697933,footway,,,
1874,1875,3.027094,footway,,,
1875,1869,1.975143,footway,,,
1869,1876,2.135062,footway,,,
1876,1877,1.829306,footway,,,
1877,1870,2.180974,footway,,,
1877,1878,4.478098,footway,,,
1878,1879,6.923224,footway,,,
1879,1880,7.124343,footway,,,
1880,1881,5.449369,footway,,,
1881,1882,3.341411,footway,,,
1882,1436,3.148788,footway,,,
1871,1883,5.975873,footway,,,
1883,1884,2.732494,footway,,,
1884,1885,4.633890,footway,,,
1885,1452,5.801861,footway,,,
1886,1887,12.868568,footway,,,
1887,1888,21.122159,footway,,,
1888,1889,17.232488,footway,,,
1889,1890,6.243926,footway,,,
1890,1891,3.366018,footway,,,
1315,1892,15.670817,footway,,,
1892,1893,10.640574,footway,,,
1893,1894,8.873797,footway,,,
1894,1895,4.210048,footway,,,
1895,1896,8.494948,footway,,,
1896,1897,6.551713,footway,,,
1897,1898,2.952057,footway,,,
1899,1900,6.576153,footway,,,
1900,1901,8.334866,footway,,,
1901,1902,8.619585,footway,,,
1902,1903,10.502399,footway,,,
1903,1904,4.000694,footway,,,
1904,1905,7.474318,footway,,,
1906,1907,19.466892,footway,,,
1907,1908,8.792628,footway,,,
1908,1909,2.446680,footway,,,
1909,1910,11.859967,footway,,,
1910,1911,11.597530,footway,,,
1911,1912,12.500578,footway,,,
1912,1913,22.399236,footway,,,
1913,1914,12.887812,footway,,,
1914,1374,5.892686,footway,,,
1915,1916,10.486963,footway,,,
1916,1917,4.391440,footway,,,
1917,1918,3.601916,footway,,,
1918,1919,8.744460,footway,,,
1919,1920,4.827911,footway,,,
1920,1905,4.341597,footway,,,
1905,1921,2.983363,footway,,,
1921,1922,10.119969,footway,,,
1922,1923,12.630192,footway,,,
1923,1924,4.872837,footway,,,
1924,1925,13.842446,footway,,,
1925,1897,6.116611,footway,,,
1316,1926,5.682351,footway,,,
1926,1927,7.605298,footway,,,
1927,1928,16.667207,footway,,,
1928,1915,7.165728,footway,,,
1915,1929,14.402226,footway,,,
1929,1906,14.681232,footway,,,
1906,1930,9.475416,footway,,,
1931,1932,19.574995,footway,,,
1932,1933,21.159017,footway,,,
1933,1934,6.831944,footway,,,
1414,1934,12.455199,footway,,,
1934,1935,5.907585,footway,,,
1935,1936,7.111639,footway,,,
1936,1937,9.827936,footway,,,
1937,1938,13.247612,footway,,,
1938,1939,10.566645,footway,,,
1939,1940,9.526175,footway,,,
1940,1941,10.172211,footway,,,
1941,1931,2.858247,footway,,,
1931,1417,19.035684,footway,,,
1942,1943,12.507198,footway,,,
1943,1944,8.466861,footway,,,
1944,1945,7.223120,footway,,,
1946,1947,13.521187,footway,,,
1947,1948,16.238267,footway,,,
1948,1942,4.560656,footway,,,
1942,1942,0.000000,footway,,,
1942,1949,10.340638,footway,,,
1949,1950,14.459544,footway,,,
1950,1951,8.248999,footway,,,
1951,1952,8.394174,footway,,,
1952,1953,7.673561,footway,,,
1953,1954,4.396988,footway,,,
1954,1955,11.574918,footway,,,
1955,1956,11.399923,footway,,,
1956,1957,9.225332,footway,,,
1957,1958,5.131409,footway,,,
1958,1942,20.398154,footway,,,
1940,1959,14.464138,footway,,,
1959,1960,11.584471,footway,,,
1960,1961,18.562736,footway,,,
1961,1946,4.468161,footway,,,
1946,1945,11.623969,footway,,,
1945,1421,14.515879,footway,,,
1954,1962,10.684975,footway,,,
1962,1963,11.974607,footway,,,
1963,1964,19.297524,footway,,,
1964,1965,10.809644,footway,,,
1965,1966,11.254188,footway,,,
1966,1967,7.412789,footway,,,
1967,1968,5.992220,footway,,,
1968,1969,8.926146,footway,,,
1969,1970,3.766659,footway,,,
1970,1971,7.153398,footway,,,
1971,1972,5.838707,footway,,,
1972,1973,6.314632,footway,,,
1973,1974,5.122001,footway,,,
1974,1975,9.253565,footway,,,
1975,1461,7.575386,footway,,,
1976,1977,10.758098,steps,,,
1976,1978,1.921829,footway,,,
1977,1979,3.873443,footway,,,
1979,1980,14.185215,footway,,,
1519,1981,5.904721,service,,,
1981,1982,30.865629,service,,,
1982,1983,39.624283,service,,,
1983,1984,6.557807,service,,,
1984,1523,33.271551,service,,,
1520,1985,18.589437,service,,,
1985,1986,31.404837,service,,,
1986,340,62.127855,service,,,
1987,1988,23.036765,footway,,,
1989,1990,17.923631,footway,,,
1991,1992,46.941912,footway,,,
1993,1994,15.085417,footway,,,
1995,1996,12.789540,footway,,,
1997,1998,27.316651,footway,,,
1998,1999,53.759921,footway,,,
1999,2000,76.391828,footway,,,
2001,2002,12.191200,footway,,,
2003,2004,12.985223,footway,,,
2005,2006,9.897072,footway,,,
2007,2008,19.118201,footway,,,
2009,2010,18.027012,footway,,,
2011,2012,3.160741,footway,,,
2012,2013,6.320218,footway,,,
2013,2009,2.601390,footway,,,
2009,2007,5.132986,footway,,,
2007,2014,6.402019,footway,,,
2014,2015,5.955863,footway,,,
2015,2016,3.446173,footway,,,
2017,2018,9.431903,footway,,,
2018,2011,22.369014,footway,,,
2011,2019,3.539367,footway,,,
2019,2005,13.068711,footway,,,
2005,2020,13.021648,footway,,,
2020,2016,3.539377,footway,,,
2016,2021,12.478018,footway,,,
1465,2022,12.473949,footway,,,
2023,2024,14.262125,footway,,,
2024,2022,5.861254,footway,,,
2022,2010,6.888591,footway,,,
2010,2008,3.597865,footway,,,
2008,2025,20.162054,footway,,,
2025,2025,0.000000,footway,,,
2025,2026,5.828095,footway,,,
2026,2027,1.988194,footway,,,
2027,2028,4.862637,footway,,,
2028,2029,4.276555,footway,,,
2029,2030,5.500034,footway,,,
2030,2031,4.383287,footway,,,
2031,2032,4.847561,footway,,,
2032,2025,6.443849,footway,,,
2033,2034,7.163508,footway,,,
2034,2035,4.009833,footway,,,
2035,2036,7.757195,footway,,,
2036,1467,6.810059,footway,,,
1467,2029,8.551662,footway,,,
2031,2037,1.938224,footway,,,
2037,2021,25.465882,footway,,,
2021,2038,13.383388,footway,,,
2038,2006,25.734575,footway,,,
2006,2039,29.380228,footway,,,
2039,2040,5.529933,footway,,,
2040,2041,4.905270,footway,,,
2041,2018,6.683203,footway,,,
2018,2023,18.844308,footway,,,
2023,2042,10.936225,footway,,,
2042,2043,5.744781,footway,,,
2043,1464,3.468211,footway,,,
